{
  "TypeInfos": [
    {
      "TypeName": "ZRP",
      "Propertys": {
        "flowkD": "double",
        "flowkI": "double",
        "flowkN": "double",
        "flowkP": "double",
        "mode": "int",
        "UstProc": "double",
        "UstQ": "double",
        "FlowIL1": "double",
        "FlowIL2": "double",
        "FlowZrp": "double",
        "SerZrp": "double",
        "WaterZrp": "double",
        "flowkD_in": "double",
        "flowkI_in": "double",
        "flowkN_in": "double",
        "flowkP_in": "double",
        "mode_in": "int",
        "UstProc_in": "double",
        "UstQ_in": "double}"
      }
    },
    {
      "TypeName": "AI",
      "Propertys": {
        "Cmd": "double",
        "ElHi": "double",
        "ElHist": "double",
        "ElLo": "double",
        "ElMax": "double",
        "ElMin": "double",
        "EnableFiltering": "double",
        "ImitMax": "double",
        "ImitMin": "double",
        "ImitValue": "double",
        "KFiltering": "double",
        "LevelHist": "double",
        "Max1FlagsBlock": "double",
        "Max1FlagsEnable": "double",
        "Max1FlagsMsg": "double",
        "Max1FlagsRing": "double",
        "Max1Ust": "double",
        "Max2FlagsBlock": "double",
        "Max2FlagsEnable": "double",
        "Max2FlagsMsg": "double",
        "Max2FlagsRing": "double",
        "Max2Ust": "double",
        "Max3FlagsBlock": "double",
        "Max3FlagsEnable": "double",
        "Max3FlagsMsg": "double",
        "Max3FlagsRing": "double",
        "Max3Ust": "double",
        "Min1FlagsBlock": "double",
        "Min1FlagsEnable": "double",
        "Min1FlagsMsg": "double",
        "Min1FlagsRing": "double",
        "Min1Ust": "double",
        "Min2FlagsBlock": "double",
        "Min2FlagsEnable": "double",
        "Min2FlagsMsg": "double",
        "Min2FlagsRing": "double",
        "Min2Ust": "double",
        "Min3FlagsBlock": "double",
        "Min3FlagsEnable": "double",
        "Min3FlagsMsg": "double",
        "Min3FlagsRing": "double",
        "Min3Ust": "double",
        "NdvZoneMax": "double",
        "NdvZoneMin": "double",
        "PhisHi": "double",
        "PhisLow": "double",
        "CurrentLevel": "double",
        "Ext": "double",
        "Imit": "double",
        "LTMin": "double",
        "MTMax": "double",
        "Ndv": "double",
        "RawValue": "double",
        "Value": "double",
        "VisualValue": "double",
        "Cmd_in": "double",
        "ElHi_in": "double",
        "ElHist_in": "double",
        "ElLo_in": "double",
        "ElMax_in": "double",
        "ElMin_in": "double",
        "EnableFiltering_in": "double",
        "ImitMax_in": "double",
        "ImitMin_in": "double",
        "ImitValue_in": "double",
        "KFiltering_in": "double",
        "LevelHist_in": "double",
        "Max1FlagsBlock_in": "double",
        "Max1FlagsEnable_in": "double",
        "Max1FlagsMsg_in": "double",
        "Max1FlagsRing_in": "double",
        "Max1Ust_in": "double",
        "Max2FlagsBlock_in": "double",
        "Max2FlagsEnable_in": "double",
        "Max2FlagsMsg_in": "double",
        "Max2FlagsRing_in": "double",
        "Max2Ust_in": "double",
        "Max3FlagsBlock_in": "double",
        "Max3FlagsEnable_in": "double",
        "Max3FlagsMsg_in": "double",
        "Max3FlagsRing_in": "double",
        "Max3Ust_in": "double",
        "Min1FlagsBlock_in": "double",
        "Min1FlagsEnable_in": "double",
        "Min1FlagsMsg_in": "double",
        "Min1FlagsRing_in": "double",
        "Min1Ust_in": "double",
        "Min2FlagsBlock_in": "double",
        "Min2FlagsEnable_in": "double",
        "Min2FlagsMsg_in": "double",
        "Min2FlagsRing_in": "double",
        "Min2Ust_in": "double",
        "Min3FlagsBlock_in": "double",
        "Min3FlagsEnable_in": "double",
        "Min3FlagsMsg_in": "double",
        "Min3FlagsRing_in": "double",
        "Min3Ust_in": "double",
        "NdvZoneMax_in": "double",
        "NdvZoneMin_in": "double",
        "PhisHi_in": "double",
        "PhisLow_in": "double"
      }
    },
    {
      "TypeName": "ZD",
      "Propertys": {
        "Cmd": "int",
        "Time01": "double",
        "Time02": "double",
        "Time03": "double",
        "Time04": "double",
        "Time05": "double",
        "Time06": "double",
        "Time07": "double",
        "Time08": "double",
        "Time09": "double",
        "Time10": "double",
        "Time11": "double",
        "Time12": "double",
        "Time13": "double",
        "avar": "bool",
        "co": "bool",
        "cz": "bool",
        "ec": "bool",
        "imit": "bool",
        "kvo": "bool",
        "kvz": "bool",
        "man": "bool",
        "mpo": "bool",
        "mpz": "bool",
        "muft": "bool",
        "mvvo": "bool",
        "mvvz": "bool",
        "neispr": "bool",
        "state": "bool",
        "Cmd_in": "int",
        "Time01_in": "double",
        "Time02_in": "double",
        "Time03_in": "double",
        "Time04_in": "double",
        "Time05_in": "double",
        "Time06_in": "double",
        "Time07_in": "double",
        "Time08_in": "double",
        "Time09_in": "double",
        "Time10_in": "double",
        "Time11_in": "double",
        "Time12_in": "double",
        "Time13_in": "double"
      }
    },
    {
      "TypeName": "SAR",
      "Propertys": {
        "Avar": "double",
        "Dy": "double",
        "Ec": "double",
        "Kvo": "double",
        "Kvz": "double",
        "Proc": "double",
        "BrakingAreaClose": "double",
        "BrakingAreaOpen": "double",
        "MaxProcLimit": "double",
        "MinProcLimit": "double",
        "Mode": "int",
        "UstProc": "double",
        "UstQ": "double",
        "UstSpeedMan": "double",
        "flowkD": "double",
        "flowkI": "double",
        "flowkN": "double",
        "flowkP": "double",
        "prockD": "double",
        "prockI": "double",
        "prockN": "double",
        "prockP": "double",
        "sarMinSpeed": "double",
        "sarP1": "double",
        "sarP2": "double",
        "sarP3": "double",
        "sarP4": "double",
        "Mvvo": "bool",
        "Mvvz": "bool",
        "BrakingAreaClose_in": "double",
        "BrakingAreaOpen_in": "double",
        "MaxProcLimit_in": "double",
        "MinProcLimit_in": "double",
        "Mode_in": "int",
        "UstProc_in": "double",
        "UstQ_in": "double",
        "UstSpeedMan_in": "double",
        "flowkD_in": "double",
        "flowkI_in": "double",
        "flowkN_in": "double",
        "flowkP_in": "double",
        "prockD_in": "double",
        "prockI_in": "double",
        "prockN_in": "double",
        "prockP_in": "double",
        "sarMinSpeed_in": "double",
        "sarP1_in": "double",
        "sarP2_in": "double",
        "sarP3_in": "double",
        "sarP4_in": "double"
      }
    }
  ]
}